Ticker,Nombre,Precio,Score,Señal,RSI,SMA20,SMA50,SMA200,ATR,ATR Ratio,Volatilidad Anual,Volumen Actual,Volumen Medio (Mes),Volumen Relativo,Soporte,Resistencia,Stop Loss,Take Profit
JBHT,"J.B. Hunt Transport Services, Inc.",233.41,5,HOLD,63.95,223.46,210.42,165.54,7.31,0.0313,0.4114,1481100,1170057,1.27,221.67,239.57,222.44,239.57
COST,Costco Wholesale Corporation,1010.79,5,HOLD,61.47,988.88,942.53,950.19,19.77,0.0196,0.2195,3931800,2199009,1.79,987.84,1023.97,987.84,1023.97
PFG,"Principal Financial Group, Inc.",95.42,5,HOLD,55.1,94.3,91.97,82.67,2.73,0.0286,0.2894,3749100,1948585,1.92,92.26,98.09,92.26,98.09
PH,Parker-Hannifin Corporation,1009.18,5,HOLD,61.12,990.78,941.53,792.77,21.93,0.0217,0.3125,1065800,713266,1.49,990.09,1031.61,990.09,1031.61
DG,Dollar General Corporation,156.24,5,HOLD,64.51,149.75,145.13,116.3,4.37,0.028,0.382,3443100,2680328,1.28,150.86,159.92,150.86,159.92
CZR,"Caesars Entertainment, Inc.",25.05,5,HOLD,64.93,20.88,22.61,24.79,1.46,0.0581,0.5755,17981800,8356776,2.15,21.18,27.41,22.87,27.41
PLD,"Prologis, Inc.",142.57,5,HOLD,65.07,138.06,132.54,117.69,2.64,0.0185,0.2724,5263800,3331214,1.58,139.97,144.56,139.97,144.56
CVS,CVS Health Corporation,79.9,5,HOLD,57.09,76.84,78.02,72.04,2.45,0.0306,0.3065,14698600,8817142,1.67,75.25,82.23,76.23,82.23
PSX,Phillips 66,154.33,5,HOLD,58.52,153.44,142.33,130.25,4.4,0.0285,0.3617,4251200,2677014,1.59,149.91,157.97,149.91,157.97
RTX,RTX Corporation,202.62,5,HOLD,57.65,199.6,193.64,165.56,4.76,0.0235,0.2734,8972000,6947552,1.29,195.19,207.47,195.47,207.47
TT,Trane Technologies plc,462.32,5,HOLD,61.76,454.82,416.11,421.67,11.58,0.0251,0.2897,1995700,1646190,1.21,451.54,469.96,451.54,469.96
SJM,The J. M. Smucker Company,115.95,5,HOLD,67.15,108.72,103.1,103.73,3.58,0.0309,0.3041,12228500,2606971,4.69,107.83,121.73,110.58,121.73
CAH,"Cardinal Health, Inc.",229.23,5,HOLD,62.14,222.47,213.04,177.0,5.22,0.0228,0.2961,2066800,1700033,1.22,223.35,232.66,223.35,232.66
SPG,"Simon Property Group, Inc.",203.85,5,HOLD,66.57,197.51,190.18,174.65,3.66,0.018,0.258,2113500,1756795,1.2,199.71,206.56,199.71,206.56
BRK.B,Berkshire Hathaway Inc.,504.95,5,HOLD,59.39,498.06,495.48,492.46,7.4,0.0147,0.1809,6352900,4747004,1.34,493.3,511.56,493.85,511.56
BMY,Bristol-Myers Squibb Company,62.37,5,HOLD,69.22,59.84,56.66,48.54,1.3,0.0209,0.2887,20741000,14096685,1.47,61.11,63.15,61.11,63.15
BDX,"Becton, Dickinson and Company",176.48,5,HOLD,57.02,173.49,163.99,148.56,4.72,0.0267,0.3116,4298200,3560385,1.21,171.22,184.54,171.22,184.54
TJX,"The TJX Companies, Inc.",161.66,5,HOLD,65.64,155.14,154.6,140.23,3.24,0.02,0.1852,7097400,5706980,1.24,156.75,164.63,156.8,164.63
ODFL,"Old Dominion Freight Line, Inc.",203.05,5,HOLD,62.31,194.67,178.07,157.24,7.23,0.0356,0.415,3549200,2733290,1.3,193.2,208.38,193.2,208.38
ED,"Consolidated Edison, Inc.",112.52,5,HOLD,65.14,109.45,103.96,99.86,2.29,0.0203,0.1916,5310700,2602585,2.04,110.61,113.72,110.61,113.72
NSC,Norfolk Southern Corporation,314.74,5,HOLD,63.27,309.82,296.77,278.52,5.31,0.0169,0.2263,2128600,1386914,1.53,310.67,318.28,310.67,318.28
MRK,"Merck & Co., Inc.",123.82,5,HOLD,65.03,119.75,112.09,90.68,3.01,0.0243,0.2923,17629500,13864971,1.27,120.17,126.31,120.17,126.31
HIG,"The Hartford Insurance Group, Inc.",140.83,5,HOLD,55.99,140.69,137.25,130.41,2.61,0.0186,0.2107,3944600,1778738,2.22,138.66,143.31,138.66,143.31
IRM,Iron Mountain Incorporated,108.33,5,HOLD,63.17,102.22,93.19,95.0,3.48,0.0321,0.332,3133200,2298585,1.36,105.62,113.14,105.62,113.14
HCA,"HCA Healthcare, Inc.",529.7,5,HOLD,57.6,519.47,492.8,431.32,14.02,0.0265,0.2719,2291500,1154790,1.98,518.82,543.82,518.82,543.82
ITW,Illinois Tool Works Inc.,290.63,5,HOLD,60.97,289.84,268.36,254.74,5.71,0.0197,0.2382,3075000,1781557,1.73,285.45,297.08,285.45,297.08
GWW,"W.W. Grainger, Inc.",1144.73,5,HOLD,57.37,1142.72,1078.1,1017.69,28.88,0.0252,0.2528,485200,366280,1.32,1114.48,1160.26,1114.48,1160.26
L,Loews Corporation,110.02,5,HOLD,59.89,109.17,106.4,98.62,1.9,0.0173,0.1873,1119400,788223,1.42,108.29,111.28,108.29,111.28
GE,GE Aerospace,342.26,5,HOLD,65.27,324.07,316.46,285.41,9.63,0.0281,0.3145,7047000,5439242,1.3,332.49,350.25,332.49,350.25
FRT,Federal Realty Investment Trust,108.77,5,HOLD,65.39,105.67,102.94,96.86,1.93,0.0177,0.2237,1733500,1043823,1.66,106.93,110.27,106.93,110.27
LHX,"L3Harris Technologies, Inc.",364.54,5,HOLD,62.29,348.53,332.4,285.76,10.43,0.0286,0.2393,1962800,1350638,1.45,340.64,377.09,348.89,377.09
LMT,Lockheed Martin Corporation,658.08,5,HOLD,63.84,640.85,575.67,489.55,17.98,0.0273,0.269,2597600,1724957,1.51,638.38,673.44,638.38,673.44
FLS,Flowserve Corporation,88.52,5,HOLD,63.14,86.05,78.53,61.57,2.6,0.0294,0.4824,2145900,1742471,1.23,85.88,91.79,85.88,91.79
MNST,Monster Beverage Corporation,85.3,5,HOLD,63.99,82.68,79.87,69.05,1.61,0.0189,0.2242,13560900,7180042,1.89,83.28,87.35,83.28,87.35
EQT,EQT Corporation,61.42,5,HOLD,65.71,57.64,55.09,54.78,1.95,0.0317,0.3721,12157500,9524685,1.28,58.78,62.92,58.78,62.92
EOG,"EOG Resources, Inc.",124.08,5,HOLD,66.23,117.89,110.31,111.99,3.43,0.0276,0.2972,6899100,5683261,1.21,120.51,126.44,120.51,126.44
MPC,Marathon Petroleum Corporation,198.21,5,HOLD,57.98,195.93,180.97,177.47,6.78,0.0342,0.3457,4760400,2422438,1.97,191.41,203.93,191.41,203.93
TSN,"Tyson Foods, Inc.",64.99,5,HOLD,61.03,63.8,61.02,55.56,1.36,0.021,0.2345,5717200,3096476,1.85,62.53,66.22,62.95,66.22
PSA,Public Storage,307.06,5,HOLD,65.79,293.89,280.92,282.68,6.89,0.0224,0.23,1667000,1246061,1.34,299.82,312.25,299.82,312.25
WELL,Welltower Inc.,207.12,5,HOLD,63.76,201.57,192.23,174.0,4.27,0.0206,0.2136,6204200,3359585,1.85,204.76,210.31,204.76,210.31
AIG,"American International Group, Inc.",80.49,5,HOLD,62.77,77.87,78.65,79.46,1.69,0.021,0.2593,8279500,4155657,1.99,79.09,81.64,79.09,81.64
XRAY,DENTSPLY SIRONA Inc.,14.68,5,HOLD,68.69,12.92,12.34,13.24,0.67,0.0455,0.4813,13495900,5518304,2.45,12.98,15.57,13.68,15.57
XOM,Exxon Mobil Corporation,152.5,5,HOLD,64.79,147.97,133.9,115.82,3.64,0.0239,0.25,30246900,23047923,1.31,148.3,155.18,148.3,155.18
ULTA,"Ulta Beauty, Inc.",684.79,5,HOLD,53.91,681.77,655.2,544.35,18.85,0.0275,0.3754,663000,509595,1.3,664.7,703.71,664.7,703.71
WRB,W. R. Berkley Corporation,71.7,5,HOLD,59.02,70.45,69.52,70.94,1.58,0.022,0.2311,4799500,2150047,2.23,70.31,72.73,70.31,72.73
ALL,The Allstate Corporation,214.52,5,HOLD,61.25,206.76,204.5,202.04,5.27,0.0246,0.2628,2318500,1837333,1.26,207.7,218.43,207.7,218.43
ADM,Archer-Daniels-Midland Company,69.04,5,HOLD,61.63,67.65,63.96,58.11,1.94,0.028,0.2826,5021100,3969366,1.26,66.82,70.33,66.82,70.33
WDC,Western Digital Corporation,279.7,4,HOLD,55.18,278.28,235.41,132.82,20.59,0.0736,0.635,9890800,11675995,0.85,265.85,295.56,265.85,295.56
TXT,Textron Inc.,98.65,4,HOLD,58.55,96.01,93.02,83.76,2.49,0.0252,0.2932,1239700,1956419,0.63,95.96,101.06,95.96,101.06
MO,"Altria Group, Inc.",69.04,4,HOLD,69.04,66.43,61.97,60.3,1.41,0.0204,0.2125,12265600,10331585,1.19,67.69,70.45,67.69,70.45
NOV,NOV Inc.,20.26,4,HOLD,62.54,19.42,17.99,14.53,0.69,0.034,0.4518,2992200,5220457,0.57,19.68,20.85,19.68,20.85
ETN,Eaton Corporation plc,375.92,4,HOLD,56.74,374.02,346.92,353.11,12.3,0.0327,0.3459,2169000,3171257,0.68,364.59,382.5,364.59,382.5
EW,Edwards Lifesciences Corporation,86.47,4,HOLD,65.81,80.25,82.93,79.89,2.25,0.0261,0.2332,6172800,5295795,1.17,81.4,89.25,83.09,89.25
MLM,"Martin Marietta Materials, Inc.",676.57,4,HOLD,52.83,675.21,655.09,608.61,18.64,0.0276,0.2474,521100,575590,0.91,661.72,696.9,661.72,696.9
MKC,"McCormick & Company, Incorporated",71.04,4,HOLD,61.19,68.14,67.13,68.17,1.87,0.0264,0.2588,3762000,3550528,1.06,68.6,72.4,68.6,72.4
MU,"Micron Technology, Inc.",412.37,4,HOLD,54.99,409.2,361.47,207.68,23.82,0.0578,0.6366,28586500,36443000,0.78,396.74,432.45,396.74,432.45
NRG,"NRG Energy, Inc.",178.96,4,HOLD,64.13,165.26,158.64,158.73,7.8,0.0436,0.5342,2614100,2266266,1.15,165.16,191.36,167.25,191.36
MGM,MGM Resorts International,36.86,4,HOLD,54.8,35.8,35.57,34.9,1.63,0.0441,0.4177,6606700,5601638,1.18,34.44,38.64,34.44,38.64
ALB,Albemarle Corporation,178.67,4,HOLD,53.81,171.53,165.41,104.0,10.17,0.0569,0.6466,2404400,2940371,0.82,162.73,200.31,163.42,199.01
EBAY,eBay Inc.,90.86,4,HOLD,56.98,86.22,88.39,85.44,3.5,0.0385,0.3881,6450900,6727400,0.96,85.31,93.65,85.62,93.65
ALGN,"Align Technology, Inc.",190.1,4,HOLD,60.46,182.84,171.78,160.26,6.64,0.0349,0.5416,1530600,1459261,1.05,179.99,195.57,180.14,195.57
DVN,Devon Energy Corporation,43.53,4,HOLD,59.52,43.28,39.43,35.04,1.37,0.0314,0.4162,9517500,12101752,0.79,41.86,45.08,41.86,45.08
OMC,Omnicom Group Inc.,85.29,4,HOLD,65.48,74.87,77.56,74.7,3.35,0.0393,0.3743,6074300,6468371,0.94,81.36,87.58,81.36,87.58
OTIS,Otis Worldwide Corporation,92.56,4,HOLD,58.2,90.07,89.13,90.29,2.15,0.0233,0.2476,3967100,4416552,0.9,89.6,94.49,89.6,94.49
AVY,Avery Dennison Corporation,196.35,4,HOLD,60.06,192.88,187.84,175.78,3.98,0.0203,0.2462,646000,681590,0.95,191.97,200.13,191.97,200.13
DHI,"D.R. Horton, Inc.",160.39,4,HOLD,52.39,160.09,154.11,149.06,5.28,0.0329,0.386,3264500,2889823,1.13,153.47,167.15,153.47,167.15
PHM,"PulteGroup, Inc.",137.2,4,HOLD,54.72,136.43,128.98,121.15,4.28,0.0312,0.3539,2184900,1916304,1.14,131.37,142.88,131.37,142.88
AMAT,"Applied Materials, Inc.",372.3,4,HOLD,61.76,346.95,313.33,226.24,16.26,0.0437,0.4772,9037100,8781338,1.03,359.96,390.3,359.96,390.3
DE,Deere & Company,629.71,4,HOLD,64.47,599.85,535.01,498.24,19.15,0.0304,0.3046,2015300,2127776,0.95,605.53,661.84,605.53,661.84
DD,"DuPont de Nemours, Inc.",50.04,4,HOLD,60.21,48.84,45.02,35.58,1.38,0.0276,0.3636,3842300,4934171,0.78,49.13,51.21,49.13,51.21
F,Ford Motor Company,14.09,4,HOLD,54.8,13.85,13.62,12.0,0.37,0.026,0.3286,73132100,73972247,0.99,13.51,14.74,13.54,14.74
LYB,LyondellBasell Industries N.V.,57.52,4,HOLD,59.98,55.81,50.5,50.78,2.42,0.042,0.4578,6480700,7457176,0.87,55.01,59.62,55.01,59.62
FCX,Freeport-McMoRan Inc.,68.08,4,HOLD,63.99,63.69,58.87,46.19,2.78,0.0408,0.5058,19414500,21060652,0.92,64.72,70.59,64.72,70.59
HAL,Halliburton Company,36.0,4,HOLD,63.61,34.63,32.37,25.36,1.16,0.0322,0.4409,10170100,12106223,0.84,34.98,36.61,34.98,36.61
HRL,Hormel Foods Corporation,25.6,4,HOLD,59.61,24.65,24.13,25.56,0.72,0.0281,0.2708,6207500,5398761,1.15,24.77,26.32,24.77,26.32
IFF,International Flavors & Fragrances Inc.,82.23,4,HOLD,67.22,78.1,72.58,69.15,2.22,0.027,0.293,1406300,1942761,0.72,79.68,84.27,79.68,84.27
HON,Honeywell International Inc.,243.59,4,HOLD,69.46,238.01,218.87,206.34,4.3,0.0177,0.2489,3888100,4169714,0.93,239.89,246.04,239.89,246.04
HOLX,"Hologic, Inc.",75.36,4,HOLD,59.81,75.06,74.96,69.45,0.23,0.0031,0.2613,2430000,2655038,0.92,75.22,75.5,75.22,75.5
ILMN,"Illumina, Inc.",134.46,4,HOLD,57.61,124.73,135.1,109.89,5.23,0.0389,0.491,4008500,2629323,1.52,121.97,140.85,126.61,140.85
HII,"Huntington Ingalls Industries, Inc.",444.52,4,HOLD,61.98,419.08,394.79,300.34,16.99,0.0382,0.3509,411200,591771,0.69,424.51,457.49,424.51,457.49
ABNB,"Airbnb, Inc.",135.11,4,HOLD,60.34,125.21,131.03,128.59,4.75,0.0352,0.3552,6496900,5986195,1.09,124.21,141.75,127.98,141.75
ZION,"Zions Bancorporation, National Association",57.28,4,HOLD,39.71,61.57,60.11,54.31,2.1,0.0366,0.3685,3410400,2158361,1.58,54.95,61.09,54.95,61.09
ACGL,Arch Capital Group Ltd.,100.15,4,HOLD,61.41,98.71,96.12,91.96,2.1,0.021,0.2421,2222300,1961971,1.13,98.41,101.24,98.41,101.24
ZBH,"Zimmer Biomet Holdings, Inc.",98.44,4,HOLD,63.88,94.33,91.45,94.94,2.35,0.0239,0.3109,2827800,2361980,1.2,97.22,100.58,97.22,100.58
HAS,"Hasbro, Inc.",99.59,4,HOLD,59.33,98.5,90.27,78.14,2.6,0.0261,0.3444,2106200,2378414,0.89,97.12,101.82,97.12,101.82
ABBV,AbbVie Inc.,232.08,4,HOLD,58.73,225.59,223.47,209.76,6.12,0.0264,0.2677,8004800,7248614,1.1,224.62,236.04,224.62,236.04
MDLZ,"Mondelez International, Inc.",61.58,4,HOLD,60.35,60.21,57.3,60.65,1.48,0.024,0.2219,12554900,11459952,1.1,59.47,62.73,59.47,62.73
GS,"The Goldman Sachs Group, Inc.",859.57,4,HOLD,38.09,919.66,921.77,778.63,32.77,0.0381,0.3288,5546800,2552890,2.17,829.68,913.92,829.68,913.92
KLAC,KLA Corporation,1524.55,4,HOLD,57.59,1451.33,1413.2,1092.29,63.63,0.0417,0.481,1106900,1205590,0.92,1461.25,1582.6,1461.25,1582.6
GL,Globe Life Inc.,145.26,4,HOLD,56.96,143.98,141.62,133.98,3.25,0.0224,0.2566,504900,543552,0.93,141.65,148.03,141.65,148.03
KR,The Kroger Co.,68.24,4,HOLD,55.28,67.47,64.18,66.44,1.97,0.0289,0.2727,6772300,6675761,1.01,66.25,70.02,66.25,70.02
GD,General Dynamics Corporation,357.05,4,HOLD,54.21,351.04,351.23,323.24,8.8,0.0246,0.2226,1201100,1337161,0.9,343.65,364.12,343.85,364.12
FTV,Fortive Corporation,59.2,4,HOLD,57.44,57.95,56.08,52.13,1.82,0.0308,0.2994,4964100,5082057,0.98,57.0,60.88,57.0,60.88
LH,Labcorp Holdings Inc.,289.12,4,HOLD,63.14,279.7,267.02,264.11,7.2,0.0249,0.2523,640400,768576,0.83,281.38,293.76,281.38,293.76
WMT,Walmart Inc.,127.95,4,HOLD,56.67,127.15,120.11,105.81,3.44,0.0269,0.2527,29189600,27556971,1.06,124.41,130.05,124.41,130.05
LLY,Eli Lilly and Company,1051.99,4,HOLD,52.54,1035.48,1051.68,871.77,35.77,0.034,0.425,4317800,3718738,1.16,1018.1,1075.17,1018.1,1075.17
WM,"Waste Management, Inc.",240.84,4,HOLD,68.31,230.44,225.14,221.99,4.79,0.0199,0.1871,2612200,2492023,1.05,231.53,245.69,233.66,245.69
AME,"AMETEK, Inc.",239.22,4,HOLD,66.13,232.09,219.93,193.99,4.87,0.0204,0.2299,1571700,1419380,1.11,232.27,242.7,232.27,242.7
VRTX,Vertex Pharmaceuticals Incorporated,496.83,4,HOLD,61.95,474.45,465.7,436.23,13.56,0.0273,0.3425,1782900,1509466,1.18,481.68,504.89,481.68,504.89
DRI,"Darden Restaurants, Inc.",213.85,4,HOLD,55.71,212.37,202.95,197.72,5.36,0.0251,0.2623,1177300,1259052,0.94,209.73,218.19,209.73,218.19
AMGN,Amgen Inc.,388.16,4,HOLD,67.79,368.92,345.96,305.51,8.87,0.0228,0.2875,3441000,3027114,1.14,378.23,394.12,378.23,394.12
CI,The Cigna Group,289.82,4,HOLD,56.5,284.98,279.65,289.33,7.28,0.0251,0.3271,2245800,1898376,1.18,281.2,294.41,281.2,294.41
SBAC,SBA Communications Corporation,201.16,4,HOLD,59.14,192.29,190.27,204.87,5.26,0.0262,0.2518,2197200,1052276,2.09,194.21,205.31,194.21,205.31
SBUX,Starbucks Corporation,98.02,4,HOLD,58.62,95.95,91.82,87.51,2.67,0.0272,0.3439,7286400,8223400,0.89,94.45,100.7,94.45,100.7
CFG,"Citizens Financial Group, Inc.",60.19,4,HOLD,38.62,64.84,62.08,51.61,1.91,0.0317,0.3298,9663900,5452833,1.77,57.96,63.92,57.96,63.92
CF,"CF Industries Holdings, Inc.",99.54,4,HOLD,64.6,94.85,87.51,86.81,3.37,0.0339,0.3166,2700800,2389395,1.13,95.45,101.82,95.45,101.82
CEG,Constellation Energy Corporation,329.88,4,HOLD,64.6,286.65,314.24,327.98,14.35,0.0435,0.5265,3436800,4238519,0.81,302.6,343.65,308.36,343.65
UPS,"United Parcel Service, Inc.",115.96,4,HOLD,59.67,114.81,107.62,94.07,2.61,0.0225,0.3013,6238100,6375580,0.98,113.63,117.6,113.63,117.6
PM,Philip Morris International Inc.,186.83,4,HOLD,62.35,184.02,172.42,165.14,4.21,0.0226,0.2462,5009900,5779600,0.87,183.05,190.96,183.05,190.96
CCI,Crown Castle Inc.,89.54,4,HOLD,55.62,86.28,86.86,93.82,2.91,0.0325,0.2821,6837800,4325938,1.58,86.54,91.27,86.54,91.27
SLB,SLB N.V.,51.34,4,HOLD,61.03,50.51,46.08,37.38,1.5,0.0291,0.3788,16687500,18263423,0.91,50.16,52.43,50.16,52.43
SNA,Snap-on Incorporated,385.22,4,HOLD,63.07,377.93,364.58,334.68,7.77,0.0202,0.2442,358300,418195,0.86,379.06,390.72,379.06,390.72
CAT,Caterpillar Inc.,742.83,4,HOLD,57.97,738.18,661.56,505.27,24.55,0.0331,0.3345,3440900,3471152,0.99,721.62,770.82,721.62,770.82
CARR,Carrier Global Corporation,64.4,4,HOLD,58.62,63.68,58.32,62.68,2.04,0.0317,0.3448,7534300,8021519,0.94,61.37,66.34,61.37,66.34
UNP,Union Pacific Corporation,264.98,4,HOLD,69.68,256.16,240.55,227.14,4.84,0.0183,0.2283,3819800,3999104,0.96,261.26,267.59,261.26,267.59
CAG,"Conagra Brands, Inc.",19.25,4,HOLD,57.9,19.12,17.83,18.36,0.59,0.0305,0.2634,12894500,13577047,0.95,18.58,19.64,18.58,19.64
BWA,BorgWarner Inc.,57.57,4,HOLD,56.18,56.74,50.83,42.31,2.13,0.037,0.3806,3519000,4281142,0.82,56.52,59.35,56.52,59.35
APA,APA Corporation,30.37,4,HOLD,66.34,27.84,26.04,22.36,1.22,0.0401,0.5519,8705300,7404519,1.18,28.23,31.47,28.54,31.47
APH,Amphenol Corporation,146.06,4,HOLD,49.51,144.89,143.75,121.27,6.6,0.0452,0.3961,9827000,10283190,0.96,141.72,152.23,141.72,152.23
SYK,Stryker Corporation,387.46,4,HOLD,67.91,370.78,362.53,373.46,8.57,0.0221,0.2216,1790000,2132976,0.84,381.5,391.04,381.5,391.04
T,AT&T Inc.,28.01,4,HOLD,61.33,27.71,25.44,26.34,0.63,0.0225,0.2323,54433000,47063385,1.16,27.34,28.76,27.34,28.76
BIIB,Biogen Inc.,191.82,4,HOLD,55.12,190.48,181.47,152.51,5.64,0.0294,0.3423,1402100,1439809,0.97,185.57,198.39,185.57,198.39
BG,Bunge Global SA,120.65,4,HOLD,62.53,119.1,107.25,89.19,3.51,0.0291,0.3209,1725900,1641657,1.05,117.45,124.2,117.45,124.2
TEL,TE Connectivity plc,230.15,4,HOLD,49.43,228.45,229.5,209.14,7.96,0.0346,0.3249,2635400,2339928,1.13,223.14,241.08,223.14,241.08
UHS,"Universal Health Services, Inc.",206.1,4,HOLD,38.19,220.61,216.36,200.07,7.84,0.038,0.3544,1664300,778414,2.14,194.61,225.82,194.61,221.77
TER,"Teradyne, Inc.",320.03,4,HOLD,61.68,303.95,251.18,155.7,15.68,0.049,0.6199,4425200,4156023,1.06,305.05,339.97,305.05,339.97
TGT,Target Corporation,113.79,4,HOLD,55.14,113.4,106.42,96.36,3.35,0.0294,0.3484,6415500,6411857,1.0,110.37,117.96,110.37,117.96
TPR,"Tapestry, Inc.",155.47,4,HOLD,62.15,148.82,137.25,110.45,5.15,0.0331,0.4285,3055600,2705904,1.13,149.42,161.75,149.42,161.75
AZO,"AutoZone, Inc.",3755.58,4,HOLD,54.18,3723.43,3583.24,3811.16,102.14,0.0272,0.2428,216400,137900,1.57,3630.6,3869.96,3630.6,3869.96
VLO,Valero Energy Corporation,204.64,4,HOLD,64.26,197.35,183.91,159.19,6.31,0.0309,0.3774,2992900,2860157,1.05,197.48,208.89,197.48,208.89
HSIC,"Henry Schein, Inc.",82.39,4,HOLD,60.28,78.83,77.81,71.71,2.68,0.0325,0.2878,1562500,1617295,0.97,77.6,88.24,78.38,87.74
RSG,"Republic Services, Inc.",229.0,4,HOLD,65.33,220.75,216.09,226.53,4.54,0.0198,0.1869,1437700,1611852,0.89,221.75,232.79,222.19,232.79
RF,Regions Financial Corporation,27.83,4,HOLD,39.84,29.72,28.65,25.49,0.84,0.0304,0.2997,21072100,14790795,1.42,26.91,29.46,26.91,29.46
COO,"The Cooper Companies, Inc.",83.67,4,HOLD,56.08,82.3,82.26,74.84,1.79,0.0214,0.3587,1758900,1781876,0.99,82.28,84.74,82.28,84.74
COP,ConocoPhillips,113.46,4,HOLD,67.41,108.34,100.55,92.74,2.93,0.0258,0.3483,9008500,8280385,1.09,109.78,115.46,109.78,115.46
CME,CME Group Inc.,319.5,4,HOLD,69.79,304.12,286.63,274.57,6.75,0.0211,0.1923,2806000,2516404,1.12,309.7,325.93,309.7,325.93
AMT,American Tower Corporation,191.86,4,HOLD,60.35,182.49,178.4,192.76,5.7,0.0297,0.2468,4964400,3305171,1.5,183.54,197.81,183.54,197.81
REGN,"Regeneron Pharmaceuticals, Inc.",781.67,4,HOLD,52.99,775.73,769.36,636.14,22.27,0.0285,0.4093,726400,787095,0.92,759.42,798.3,759.42,798.3
ROK,"Rockwell Automation, Inc.",407.45,4,HOLD,51.58,405.55,405.92,360.78,13.98,0.0343,0.3229,1207300,1329480,0.91,391.95,417.38,391.95,417.38
PNW,Pinnacle West Capital Corporation,100.3,4,HOLD,69.92,96.68,92.3,89.08,1.96,0.0196,0.1696,1528000,1359090,1.12,97.98,101.88,97.98,101.88
PNC,"The PNC Financial Services Group, Inc.",212.35,4,HOLD,36.85,230.09,220.89,195.62,6.1,0.0287,0.2627,3569400,2574985,1.39,203.95,227.15,203.95,224.56
KEYS,"Keysight Technologies, Inc.",307.33,3,SELL,88.27,246.6,224.35,184.3,11.68,0.038,0.4003,2998000,1768085,1.7,260.84,332.81,289.81,330.7
PG,The Procter & Gamble Company,167.2,3,SELL,72.2,159.66,150.25,151.97,2.99,0.0179,0.1854,14857400,11698861,1.27,162.58,169.53,162.71,169.53
KHC,The Kraft Heinz Company,24.61,3,SELL,54.85,24.37,24.03,25.25,0.66,0.0267,0.2566,16534600,16506219,1.0,24.13,25.06,24.13,25.06
JNJ,Johnson & Johnson,248.43,3,SELL,73.13,239.79,222.73,185.7,3.89,0.0157,0.1898,16414700,9616342,1.71,243.52,251.14,243.52,251.14
JCI,Johnson Controls International plc,144.3,3,SELL,72.2,137.52,125.05,112.28,3.35,0.0232,0.2928,7554100,5704566,1.32,141.78,146.66,141.78,146.66
KIM,Kimco Realty Corporation,23.55,3,SELL,71.06,22.38,21.25,20.97,0.44,0.0186,0.2309,13790200,7135742,1.93,23.09,23.96,23.09,23.96
PCAR,PACCAR Inc,126.09,3,SELL,55.24,126.2,120.18,102.34,3.0,0.0238,0.2932,5249500,3647609,1.44,122.52,129.81,122.52,129.81
VTR,"Ventas, Inc.",86.16,3,SELL,70.32,83.59,79.83,71.15,1.55,0.018,0.1989,7071000,3244280,2.18,85.25,87.47,85.25,87.47
HTZ,"Hertz Global Holdings, Inc.",4.54,3,SELL,39.17,4.91,5.2,5.88,0.31,0.0688,1.1219,9429000,6417247,1.47,4.27,4.74,4.27,4.74
PGR,The Progressive Corporation,213.66,3,SELL,59.77,205.33,208.53,224.96,5.22,0.0244,0.2519,3364900,3524457,0.95,205.02,218.34,205.83,218.34
TBH,"Brag House Holdings, Inc.",0.28,3,SELL,36.59,0.34,0.44,0.91,0.05,0.1683,,1143000,244728,4.67,0.25,0.3,0.25,0.3
VMC,Vulcan Materials Company,310.0,3,SELL,50.83,312.67,303.31,287.83,8.95,0.0289,0.2624,1792000,1321380,1.36,300.61,319.27,300.61,319.27
KO,The Coca-Cola Company,81.56,3,SELL,74.36,78.73,73.88,70.03,1.26,0.0154,0.169,28468300,20842038,1.37,80.04,82.54,80.04,82.54
PRU,"Prudential Financial, Inc.",98.38,3,SELL,35.93,102.77,108.43,103.73,2.83,0.0288,0.2785,3912300,2793728,1.4,95.89,102.43,95.89,102.43
PRGO,Perrigo Company plc,13.22,3,SELL,33.6,14.42,14.32,20.26,0.6,0.0455,0.4611,5758200,2720285,2.12,12.18,14.65,12.32,14.42
TZOO,Travelzoo,6.45,3,SELL,60.02,5.65,6.22,9.37,0.39,0.0597,0.6367,153000,211676,0.72,5.56,7.04,5.87,7.04
INTU,Intuit Inc.,409.03,3,SELL,39.62,411.71,533.5,658.57,22.66,0.0554,0.3488,8180500,5367904,1.52,368.81,429.44,375.03,429.44
TMO,Thermo Fisher Scientific Inc.,521.11,3,SELL,36.5,531.87,573.8,508.08,13.77,0.0264,0.3215,2031100,2555433,0.79,510.73,526.56,510.73,526.56
TMUS,"T-Mobile US, Inc.",217.09,3,SELL,61.62,208.36,199.49,221.21,5.76,0.0265,0.2731,6916400,7321519,0.94,210.94,223.46,210.94,223.46
TRGP,Targa Resources Corp.,235.8,3,SELL,78.46,219.59,198.52,173.31,6.49,0.0275,0.3529,2369500,1530752,1.55,227.63,240.73,227.63,240.73
SYF,Synchrony Financial,69.11,3,SELL,39.09,72.63,77.88,72.0,2.67,0.0387,0.3984,6614200,5276323,1.25,66.6,73.21,66.6,73.21
PAYC,"Paycom Software, Inc.",125.83,3,SELL,45.02,124.91,143.05,196.5,6.29,0.05,0.3826,5960200,2506476,2.38,115.54,133.5,116.39,133.5
STZ,"Constellation Brands, Inc.",157.86,3,SELL,51.76,159.1,152.14,152.23,4.73,0.03,0.2932,2880000,2349433,1.23,154.11,161.38,154.11,161.38
NWL,Newell Brands Inc.,4.55,3,SELL,56.53,4.51,4.17,4.7,0.2,0.0441,0.6103,5783700,6055323,0.96,4.36,4.74,4.36,4.74
ROST,"Ross Stores, Inc.",205.64,3,SELL,76.19,196.17,190.24,159.21,3.71,0.018,0.2548,4422700,2399285,1.84,200.47,208.6,200.47,208.6
MMM,3M Company,165.32,3,SELL,50.13,165.66,163.25,156.8,4.04,0.0245,0.3103,5367000,4151947,1.29,162.7,168.12,162.7,168.12
MMC,"Marsh & McLennan Companies, Inc.",186.74,3,SELL,60.09,180.74,182.38,196.54,4.13,0.0221,0.2291,3363739,3063569,1.1,178.0,191.62,180.54,191.62
WAT,Waters Corporation,319.38,3,SELL,31.27,341.29,369.41,343.39,12.1,0.0379,0.3826,2117400,1630876,1.3,310.64,331.89,310.64,331.89
MKTX,MarketAxess Holdings Inc.,192.0,3,SELL,74.3,174.76,175.07,185.77,4.93,0.0257,0.2736,1012500,630809,1.61,182.75,197.35,184.6,197.35
SEE,Sealed Air Corporation,41.88,3,SELL,54.2,41.89,41.71,35.77,0.11,0.0027,0.3558,4089900,3124685,1.31,41.81,41.98,41.81,41.98
WAB,Westinghouse Air Brake Technologies Corporation,263.95,3,SELL,75.88,252.14,234.47,208.76,5.48,0.0208,0.2627,1382400,994290,1.39,260.22,266.97,260.22,266.97
NUE,Nucor Corporation,176.88,3,SELL,45.61,183.81,174.9,147.17,5.02,0.0284,0.3654,2367000,1930704,1.23,172.76,181.13,172.76,181.13
M,"Macy's, Inc.",19.78,3,SELL,38.06,21.4,21.77,17.04,0.93,0.0472,0.5198,8017300,6809271,1.18,18.8,21.46,18.8,21.46
LNT,Alliant Energy Corporation,72.34,3,SELL,70.37,69.1,67.18,64.98,1.24,0.0172,0.1731,5649800,3486342,1.62,71.01,73.04,71.01,73.04
PVH,PVH Corp.,68.6,3,SELL,52.65,67.52,66.9,75.26,2.31,0.0337,0.5321,990200,862647,1.15,66.88,70.78,66.88,70.78
REG,Regency Centers Corporation,79.0,3,SELL,70.51,75.98,72.27,70.42,1.37,0.0173,0.1907,2420500,1400223,1.73,77.43,79.82,77.43,79.82
LNC,Lincoln National Corporation,34.3,3,SELL,30.64,39.3,41.68,38.53,1.68,0.0489,0.4096,5211400,2645600,1.97,32.15,38.1,32.15,37.65
WMB,"The Williams Companies, Inc.",74.72,3,SELL,79.52,70.67,64.97,60.37,1.64,0.022,0.2527,10392900,8395447,1.24,72.51,76.26,72.51,76.26
O,Realty Income Corporation,67.0,3,SELL,71.9,64.26,60.68,57.48,1.09,0.0162,0.1713,13322100,6988852,1.91,65.18,68.38,65.37,68.38
PWR,"Quanta Services, Inc.",563.08,3,SELL,70.66,521.99,475.19,418.49,20.16,0.0358,0.3628,1537400,1231090,1.25,542.8,578.65,542.8,578.65
LB,LandBridge Company LLC,74.5,3,SELL,70.99,62.18,57.02,59.71,4.06,0.0544,0.6614,981500,577180,1.7,67.03,79.03,68.42,79.03
SNPS,"Synopsys, Inc.",414.0,3,SELL,39.45,433.54,470.01,495.63,20.01,0.0483,0.5713,4647100,2760176,1.68,394.3,443.93,394.3,443.93
WFC,Wells Fargo & Company,81.45,3,SELL,33.96,88.86,90.53,82.98,3.0,0.0368,0.3034,29118200,16411100,1.77,78.4,86.55,78.4,86.55
STE,STERIS plc,252.35,3,SELL,50.15,250.85,254.97,245.87,6.24,0.0247,0.2496,844500,1048109,0.81,245.89,257.23,245.89,257.23
MET,"MetLife, Inc.",72.07,3,SELL,35.4,77.04,77.94,77.68,2.36,0.0327,0.296,8908600,4444709,2.0,69.35,77.04,69.35,76.78
ZTS,Zoetis Inc.,131.1,3,SELL,60.53,127.22,125.6,140.65,3.75,0.0286,0.2851,5546300,4729114,1.17,126.25,134.13,126.25,134.13
APD,"Air Products and Chemicals, Inc.",275.67,3,SELL,49.77,281.65,265.52,269.71,6.43,0.0233,0.2822,2034000,1623200,1.25,270.92,282.62,270.92,282.62
EME,"EMCOR Group, Inc.",724.62,3,SELL,43.2,770.91,702.6,621.92,30.65,0.0423,0.4106,642100,413976,1.55,686.4,789.34,686.4,785.92
CSX,CSX Corporation,42.69,3,SELL,75.74,40.8,38.06,34.9,0.81,0.0189,0.2349,17413300,12920785,1.35,41.81,43.17,41.81,43.17
EFX,Equifax Inc.,208.96,3,SELL,56.92,194.99,207.95,233.48,7.77,0.0372,0.3885,1258400,2261823,0.56,194.22,216.7,197.31,216.7
CHTR,"Charter Communications, Inc.",234.63,3,SELL,59.09,230.1,212.87,276.55,8.52,0.0363,0.4107,2144300,2337452,0.92,225.81,240.64,225.81,240.64
COF,Capital One Financial Corporation,195.64,3,SELL,37.9,210.91,227.19,215.83,8.48,0.0434,0.3964,9048000,5379719,1.68,185.09,208.59,185.09,208.59
EIX,Edison International,74.74,3,SELL,75.99,68.71,63.58,55.89,1.72,0.023,0.2956,4914200,3578238,1.37,73.47,75.76,73.47,75.76
CINF,Cincinnati Financial Corporation,163.98,3,SELL,51.0,164.64,163.49,155.47,3.5,0.0213,0.2355,1054600,838133,1.26,160.32,166.58,160.32,166.58
CB,Chubb Limited,340.86,3,SELL,70.37,328.52,315.93,291.01,6.25,0.0183,0.2025,2218000,1839876,1.21,333.13,345.64,333.13,345.64
APTV,Aptiv PLC,73.54,3,SELL,36.61,80.19,79.84,76.72,2.98,0.0405,0.3821,3472200,2215457,1.57,71.48,77.43,71.48,77.43
GILD,"Gilead Sciences, Inc.",148.95,3,SELL,56.69,149.28,135.25,119.16,4.04,0.0271,0.2891,11195500,7951061,1.41,143.87,153.24,143.87,153.24
GRMN,Garmin Ltd.,252.83,3,SELL,76.58,222.79,213.06,217.95,7.97,0.0315,0.3562,1704900,1222595,1.39,247.41,256.62,247.41,256.62
BF.B,Brown-Forman Corporation,28.86,3,SELL,50.22,29.24,27.9,28.48,0.97,0.0338,0.3878,17999400,5083880,3.54,27.48,30.35,27.48,30.35
ATO,Atmos Energy Corporation,186.79,3,SELL,81.2,175.75,170.47,164.2,2.88,0.0154,0.1646,2836600,1490709,1.9,181.98,189.71,182.47,189.71
AVB,"AvalonBay Communities, Inc.",177.23,3,SELL,49.83,176.53,178.28,186.29,3.86,0.0218,0.2296,2092200,1243261,1.68,174.57,180.04,174.57,180.04
CMA,Comerica Incorporated,88.67,3,SELL,43.95,92.26,87.28,70.25,2.51,0.0283,0.3394,49187391,4037638,12.18,86.42,93.18,86.42,93.18
FPH,"Five Point Holdings, LLC",5.52,3,SELL,52.79,5.36,5.51,5.74,0.21,0.0372,0.3714,237800,215042,1.11,5.33,5.71,5.33,5.71
AXP,American Express Company,308.9,3,SELL,31.31,343.6,359.35,333.54,11.35,0.0367,0.3371,9802900,4061319,2.41,295.76,333.94,295.76,331.6
BA,The Boeing Company,227.53,3,SELL,39.81,236.08,232.95,218.39,6.48,0.0285,0.3741,6272400,6030623,1.04,222.92,234.14,222.92,234.14
BAC,Bank of America Corporation,49.83,3,SELL,36.38,53.32,53.96,50.07,1.5,0.0302,0.2806,77664500,43528480,1.78,48.35,52.29,48.35,52.29
ECL,Ecolab Inc.,308.35,3,SELL,71.93,297.6,281.77,270.65,5.53,0.0179,0.2017,1832600,1393590,1.32,302.56,311.7,302.56,311.7
GPN,Global Payments Inc.,76.46,3,SELL,51.77,74.22,76.16,79.84,2.86,0.0374,0.4512,4923500,4449438,1.11,74.26,80.13,74.26,80.13
AIZ,"Assurant, Inc.",229.59,3,SELL,51.63,228.43,233.48,212.91,6.07,0.0265,0.2795,431600,513619,0.84,220.48,234.5,220.48,234.5
ADP,"Automatic Data Processing, Inc.",214.36,3,SELL,36.51,222.02,243.99,278.08,6.33,0.0295,0.2238,4998700,4113209,1.22,204.5,222.97,204.87,222.97
ABT,Abbott Laboratories,116.35,3,SELL,57.11,112.21,117.49,126.37,2.19,0.0188,0.2344,13224800,10522838,1.26,113.33,118.1,113.33,118.1
FDX,FedEx Corporation,387.0,3,SELL,76.31,370.41,329.18,259.33,8.82,0.0228,0.3219,2749200,2002466,1.37,380.57,393.14,380.57,393.14
EXC,Exelon Corporation,49.47,3,SELL,73.02,46.39,44.92,44.25,0.99,0.02,0.1925,15389300,9618914,1.6,48.12,50.35,48.12,50.35
DHR,Danaher Corporation,210.64,3,SELL,39.66,214.0,225.06,209.51,5.35,0.0254,0.3186,5242600,4594790,1.14,207.13,213.32,207.13,213.32
HOG,"Harley-Davidson, Inc.",18.0,3,SELL,30.72,19.87,20.39,24.2,0.73,0.0405,0.4399,4776000,3896757,1.23,17.26,19.42,17.26,19.42
EVRG,"Evergy, Inc.",83.66,3,SELL,70.59,79.82,76.43,72.52,1.54,0.0184,0.1706,3150900,2433514,1.29,81.27,85.06,81.35,85.06
ADI,"Analog Devices, Inc.",355.79,3,SELL,71.81,336.1,308.71,255.54,9.86,0.0277,0.383,6109500,4753276,1.29,347.17,363.8,347.17,363.8
CTVA,"Corteva, Inc.",80.12,3,SELL,74.19,75.5,71.64,69.68,1.53,0.0191,0.2581,5332100,4374276,1.22,77.27,81.6,77.83,81.6
BBY,"Best Buy Co., Inc.",61.97,3,SELL,35.81,65.65,67.46,70.75,2.36,0.038,0.4425,5962000,4512642,1.32,60.58,63.8,60.58,63.8
ADSK,"Autodesk, Inc.",245.87,3,SELL,52.28,234.97,262.95,292.88,9.39,0.0382,0.3118,5370700,2712547,1.98,224.35,258.04,231.78,258.04
CTSH,Cognizant Technology Solutions Corporation,64.43,3,SELL,34.49,69.65,78.2,74.52,2.79,0.0433,0.3111,14152300,9227490,1.53,61.29,66.33,61.29,66.33
CTAS,Cintas Corporation,201.13,3,SELL,62.69,195.88,192.58,202.21,3.77,0.0188,0.2142,2116400,1961704,1.08,197.29,203.98,197.29,203.98
EQIX,"Equinix, Inc.",974.26,3,SELL,74.66,890.42,822.47,800.77,24.64,0.0253,0.292,1141200,773457,1.48,937.47,993.03,937.47,993.03
AES,The AES Corporation,17.28,3,SELL,71.27,16.1,15.0,13.3,0.52,0.0299,0.4958,26314600,10663728,2.47,16.25,17.98,16.5,17.98
AFL,Aflac Incorporated,112.93,3,SELL,51.62,113.6,110.96,106.64,2.27,0.0201,0.2066,3772000,2475233,1.52,110.94,114.92,110.94,114.92
CLX,The Clorox Company,127.16,2,SELL,72.65,121.95,111.06,115.73,3.08,0.0242,0.2258,1879500,2257600,0.83,123.36,129.93,123.36,129.93
CL,Colgate-Palmolive Company,99.14,2,SELL,72.6,95.21,86.76,83.82,1.88,0.019,0.2163,6096300,7246361,0.84,96.27,100.67,96.32,100.67
SHW,The Sherwin-Williams Company,362.59,2,SELL,54.04,362.88,348.85,346.4,8.05,0.0222,0.2457,1936000,1880595,1.03,354.49,369.76,354.49,369.76
ROP,"Roper Technologies, Inc.",349.73,2,SELL,45.08,343.59,392.99,484.97,11.01,0.0315,0.251,1344400,2196438,0.61,334.82,359.65,334.82,359.65
CHRW,"C.H. Robinson Worldwide, Inc.",185.25,2,SELL,52.32,188.26,177.58,135.44,7.93,0.0428,0.41,1944900,3436014,0.57,175.26,192.59,175.26,192.59
CHD,"Church & Dwight Co., Inc.",104.86,2,SELL,71.04,101.09,92.79,91.33,2.23,0.0213,0.2266,2271300,2375204,0.96,102.71,106.52,102.71,106.52
CDNS,"Cadence Design Systems, Inc.",301.4,2,SELL,51.48,290.46,306.03,323.84,13.72,0.0455,0.3981,3534500,3413285,1.04,283.81,312.48,283.81,312.48
HSY,The Hershey Company,236.28,2,SELL,74.86,220.82,200.8,181.5,5.74,0.0243,0.2758,2289800,2462780,0.93,224.03,242.66,227.67,242.66
RJF,"Raymond James Financial, Inc.",153.08,2,SELL,38.46,161.54,164.58,160.74,5.0,0.0327,0.2853,1918100,1679666,1.14,149.39,158.81,149.39,158.81
CMCSA,Comcast Corporation,30.96,2,SELL,55.41,31.17,29.31,29.33,0.73,0.0235,0.2558,34864400,31771404,1.1,30.28,31.74,30.28,31.74
RCL,Royal Caribbean Cruises Ltd.,310.96,2,SELL,48.43,324.96,304.03,299.96,13.55,0.0436,0.4878,2986500,2500442,1.19,300.43,321.4,300.43,321.4
QRVO,"Qorvo, Inc.",82.9,2,SELL,50.8,82.5,82.98,85.88,2.36,0.0285,0.4858,1451500,1398100,1.04,80.93,84.78,80.93,84.78
PYPL,"PayPal Holdings, Inc.",46.21,2,SELL,48.43,43.32,52.08,64.87,2.12,0.0459,0.4157,23604000,38152900,0.62,41.66,49.63,43.03,49.63
CRM,"Salesforce, Inc.",194.79,2,SELL,44.28,192.0,225.68,246.61,8.98,0.0461,0.35,16330600,15705419,1.04,179.23,205.7,181.32,205.7
CSCO,"Cisco Systems, Inc.",79.46,2,SELL,51.72,80.31,77.76,70.9,2.22,0.0279,0.2742,27464300,28943580,0.95,77.76,80.35,77.76,80.35
PPL,PPL Corporation,38.98,2,SELL,70.52,36.82,35.97,35.41,0.75,0.0192,0.1808,8689600,12767700,0.68,37.28,39.86,37.86,39.86
PPG,"PPG Industries, Inc.",123.27,2,SELL,54.92,124.9,113.89,107.75,3.01,0.0244,0.2959,1892400,2136795,0.89,120.04,126.83,120.04,126.83
HST,"Host Hotels & Resorts, Inc.",19.59,2,SELL,51.94,19.63,18.82,16.73,0.57,0.029,0.3037,11340200,9533738,1.19,19.16,20.28,19.16,20.28
PKG,Packaging Corporation of America,232.14,2,SELL,52.53,234.76,221.97,205.29,6.52,0.0281,0.2766,1037100,1120071,0.93,222.36,238.1,222.36,238.1
DGX,Quest Diagnostics Incorporated,211.91,2,SELL,71.53,200.58,187.68,180.21,4.63,0.0219,0.2401,1058700,1141942,0.93,204.77,216.28,204.96,216.28
DOW,Dow Inc.,30.73,2,SELL,55.65,30.82,27.47,25.02,1.33,0.0432,0.5168,13290300,14102890,0.94,29.36,31.6,29.36,31.6
PCG,PG&E Corporation,19.0,2,SELL,80.84,17.33,16.31,15.51,0.39,0.0207,0.2811,26572900,22175485,1.2,18.52,19.28,18.52,19.28
CCL,Carnival Corporation & plc,31.55,2,SELL,50.71,32.04,30.85,28.47,1.32,0.0419,0.4948,19938700,21865057,0.91,30.01,33.04,30.01,33.04
BK,The Bank of New York Mellon Corporation,119.1,2,SELL,49.36,120.16,119.16,105.5,3.5,0.0294,0.2442,5822400,3981771,1.46,114.43,123.46,114.43,123.46
C,Citigroup Inc.,110.19,2,SELL,43.27,115.64,116.02,98.15,4.22,0.0383,0.3345,29098900,14793161,1.97,106.13,115.63,106.13,115.63
SO,The Southern Company,97.38,2,SELL,71.08,92.14,88.93,90.0,1.87,0.0193,0.1723,8010100,7531404,1.06,95.0,98.87,95.0,98.87
USB,U.S. Bancorp,54.66,2,SELL,41.72,57.95,55.96,48.51,1.6,0.0293,0.2743,13058400,10819328,1.21,52.88,57.66,52.88,57.66
VNO,Vornado Realty Trust,27.58,2,SELL,34.06,29.81,31.89,36.11,1.17,0.0426,0.3776,2579100,2468542,1.04,26.91,28.79,26.91,28.79
VZ,Verizon Communications Inc.,50.14,2,SELL,72.66,48.02,42.95,41.42,1.02,0.0203,0.2463,34678600,40652676,0.85,49.18,50.79,49.18,50.79
AKAM,"Akamai Technologies, Inc.",98.39,2,SELL,50.04,99.15,94.25,82.53,4.86,0.0494,0.4196,4716100,5006852,0.94,92.75,103.97,92.75,103.97
AJG,Arthur J. Gallagher & Co.,228.2,2,SELL,49.36,224.52,243.61,281.4,7.81,0.0342,0.2792,2959700,3047157,0.97,215.49,234.86,216.48,234.86
WB,Weibo Corporation,9.93,2,SELL,39.06,10.17,10.41,10.51,0.29,0.0294,0.3754,921900,995852,0.93,9.7,10.37,9.7,10.37
WEC,"WEC Energy Group, Inc.",116.96,2,SELL,71.75,113.24,108.8,107.4,1.96,0.0168,0.1601,2392500,2640028,0.91,114.67,118.29,114.67,118.29
WHR,Whirlpool Corporation,68.43,2,SELL,28.9,82.09,79.81,81.2,3.87,0.0565,0.4429,3487800,3063038,1.14,62.39,78.93,62.63,76.16
AEP,"American Electric Power Company, Inc.",133.82,2,SELL,77.34,125.63,119.65,111.81,2.49,0.0186,0.1916,3331900,3665814,0.91,130.61,135.81,130.61,135.81
AEE,Ameren Corporation,113.28,2,SELL,74.88,107.93,103.81,100.22,1.85,0.0164,0.1681,1748600,2053695,0.85,110.71,114.64,110.71,114.64
WY,Weyerhaeuser Company,24.53,2,SELL,33.9,26.01,25.39,24.71,0.68,0.0278,0.2836,7837100,6670200,1.17,23.8,25.48,23.8,25.48
XEL,Xcel Energy Inc.,83.36,2,SELL,70.91,79.38,76.45,74.08,1.5,0.018,0.1997,5827600,5158076,1.13,82.02,84.47,82.02,84.47
ADBE,Adobe Inc.,262.41,2,SELL,39.93,265.69,302.67,346.39,9.69,0.0369,0.3284,5095800,6304566,0.81,249.9,269.29,249.9,269.29
XRX,Xerox Holdings Corporation,1.8,2,SELL,38.07,2.01,2.28,3.61,0.15,0.0833,0.7358,3285300,3851590,0.85,1.71,1.88,1.71,1.88
YUM,"Yum! Brands, Inc.",168.16,2,SELL,70.33,161.34,156.5,147.78,3.29,0.0196,0.2273,1902300,2167200,0.88,164.6,170.55,164.6,170.55
ACN,Accenture plc,208.72,2,SELL,36.02,226.06,255.31,264.84,10.5,0.0503,0.3344,7929300,7585923,1.05,193.63,218.92,193.63,218.92
ZBRA,Zebra Technologies Corporation,223.96,2,SELL,37.66,246.95,248.52,284.91,11.99,0.0535,0.4751,967900,932090,1.04,213.31,243.9,213.31,243.9
AON,Aon plc,335.47,2,SELL,53.61,328.97,339.95,352.1,8.62,0.0257,0.2445,2126200,1877023,1.13,319.38,344.77,322.54,344.77
UNH,UnitedHealth Group Incorporated,293.27,2,SELL,49.18,283.04,312.79,312.89,9.61,0.0328,0.5092,9708500,9522523,1.02,278.29,301.75,278.85,301.75
UDR,"UDR, Inc.",37.5,2,SELL,49.83,37.76,36.99,37.25,0.85,0.0228,0.2334,3852800,4645790,0.83,36.83,38.25,36.83,38.25
SYY,Sysco Corporation,91.16,2,SELL,73.0,87.86,80.59,77.37,1.83,0.0201,0.2302,3742300,4015100,0.93,89.04,92.23,89.04,92.23
SPGI,S&P Global Inc.,441.88,2,SELL,46.49,434.79,490.86,506.68,15.25,0.0345,0.2925,3176400,4030257,0.79,413.15,457.05,419.01,457.05
SRE,Sempra,96.27,2,SELL,71.0,91.08,89.35,84.31,2.04,0.0212,0.2242,4816300,4350409,1.11,93.2,98.4,93.21,98.4
BR,"Broadridge Financial Solutions, Inc.",185.87,2,SELL,47.61,180.88,203.96,229.64,5.61,0.0302,0.2501,1763600,1721690,1.02,177.51,190.11,177.51,190.11
STT,State Street Corporation,128.62,2,SELL,48.68,129.87,129.92,114.63,4.06,0.0316,0.292,3839400,1961057,1.96,123.28,133.98,123.28,133.98
SWK,"Stanley Black & Decker, Inc.",86.49,2,SELL,50.91,87.47,82.23,72.64,3.17,0.0366,0.4633,2024500,2227404,0.91,83.39,91.04,83.39,91.04
SWKS,"Skyworks Solutions, Inc.",59.58,2,SELL,48.9,59.58,60.31,68.15,2.22,0.0372,0.4644,3356300,3881714,0.86,57.49,61.57,57.49,61.57
BKR,Baker Hughes Company,65.26,2,SELL,77.4,60.78,53.85,46.22,1.66,0.0254,0.3633,8773800,8872695,0.99,63.12,66.59,63.12,66.59
DTE,DTE Energy Company,148.24,2,SELL,75.82,140.91,135.31,134.73,2.87,0.0194,0.1699,1666500,1703228,0.98,145.23,149.83,145.23,149.83
UAL,"United Airlines Holdings, Inc.",106.3,2,SELL,44.83,111.32,111.85,97.78,5.82,0.0548,0.5864,9623000,5974438,1.61,101.91,114.15,101.91,114.15
TAK,Takeda Pharmaceutical Company Limited,18.75,2,SELL,72.65,18.2,16.8,15.13,0.26,0.0141,0.2039,2145100,2993500,0.72,18.47,18.93,18.47,18.93
BEN,"Franklin Resources, Inc.",26.54,2,SELL,48.05,27.29,25.79,23.62,0.78,0.0294,0.296,5444800,6647495,0.82,25.92,27.51,25.92,27.51
BAX,Baxter International Inc.,20.37,2,SELL,48.26,20.88,20.15,23.45,0.87,0.0429,0.466,36636400,11470166,3.19,19.7,21.26,19.7,21.26
BALL,Ball Corporation,67.13,2,SELL,71.05,65.37,58.82,53.61,1.38,0.0205,0.2661,2660500,2543542,1.05,65.67,68.15,65.67,68.15
TRV,"The Travelers Companies, Inc.",308.64,2,SELL,70.1,298.52,289.66,275.14,5.73,0.0186,0.215,1868600,1743661,1.07,303.89,311.6,303.89,311.6
TXN,Texas Instruments Incorporated,212.11,2,SELL,49.2,220.41,200.22,188.21,6.59,0.0311,0.4092,8275100,8706109,0.95,205.52,221.44,205.52,221.44
ARE,"Alexandria Real Estate Equities, Inc.",54.04,2,SELL,49.49,54.25,53.19,65.36,1.97,0.0365,0.4104,12587500,2711542,4.64,52.6,55.37,52.6,55.37
DPZ,"Domino's Pizza, Inc.",402.51,2,SELL,53.0,394.02,406.57,431.68,11.81,0.0293,0.2598,808700,1028947,0.79,390.5,416.12,390.5,416.12
CVX,Chevron Corporation,186.76,2,SELL,70.99,181.32,167.0,152.41,3.44,0.0184,0.2507,12024200,11487138,1.05,183.16,188.95,183.16,188.95
LUV,Southwest Airlines Co.,49.26,2,SELL,49.68,51.67,46.04,36.0,1.92,0.0389,0.4758,9144900,11892852,0.77,47.86,51.52,47.86,51.52
FIS,"Fidelity National Information Services, Inc.",50.96,2,SELL,43.81,50.03,58.54,68.07,1.73,0.034,0.3036,6223500,6195966,1.0,48.1,52.48,48.36,52.48
LIN,Linde plc,508.08,2,SELL,72.98,478.57,452.88,453.06,9.47,0.0186,0.1958,3236800,2949895,1.1,497.02,514.9,497.02,514.9
LKQ,LKQ Corporation,33.11,2,SELL,49.06,33.6,32.57,32.81,1.17,0.0353,0.3549,2147800,2369085,0.91,31.95,34.28,31.95,34.28
FOX,Fox Corporation,51.73,2,SELL,33.66,55.41,61.38,55.65,1.72,0.0333,0.3132,2265300,1966814,1.15,49.58,53.06,49.58,53.06
FOXA,Fox Corporation,56.34,2,SELL,32.27,60.97,68.25,61.49,1.97,0.0349,0.3123,4759300,4977342,0.96,53.88,57.95,53.88,57.95
LRCX,Lam Research Corporation,233.89,2,SELL,52.49,234.0,213.87,141.98,11.61,0.0497,0.5188,12982700,11375819,1.14,224.17,250.15,224.17,250.15
OXY,Occidental Petroleum Corporation,53.08,2,SELL,70.99,48.03,44.46,43.52,1.68,0.0317,0.3838,13106500,12908600,1.02,50.82,54.34,50.82,54.34
FISV,"Fiserv, Inc.",62.29,2,SELL,49.65,60.94,64.73,113.24,2.41,0.0386,0.6064,10162300,9849823,1.03,59.08,64.31,59.08,64.31
MCD,McDonald's Corporation,341.06,2,SELL,74.5,327.49,316.75,305.64,5.46,0.016,0.1787,4266200,3663409,1.16,333.59,344.94,333.59,344.94
EMR,Emerson Electric Co.,150.75,2,SELL,51.92,151.26,145.31,134.57,4.97,0.033,0.3252,2904600,4400423,0.66,145.43,154.43,145.43,154.43
MCHP,Microchip Technology Incorporated,74.64,2,SELL,47.01,76.81,72.95,65.87,2.95,0.0395,0.5949,10302500,9866619,1.04,71.58,78.44,71.58,78.44
MCK,McKesson Corporation,987.37,2,SELL,70.01,928.43,865.65,775.21,23.7,0.024,0.2839,1059700,892180,1.19,958.25,1001.93,958.25,1001.93
MCO,Moody's Corporation,477.59,2,SELL,54.15,453.92,493.79,491.38,15.43,0.0323,0.3036,1788400,1883500,0.95,447.95,495.58,454.44,495.58
FE,FirstEnergy Corp.,51.16,2,SELL,76.64,48.6,46.52,43.61,0.88,0.0173,0.1962,4262400,5352742,0.8,50.09,51.79,50.09,51.79
FAST,Fastenal Company,46.04,2,SELL,55.15,46.05,43.68,43.69,1.16,0.0252,0.2643,9925300,8830261,1.12,44.91,46.76,44.91,46.76
MHK,"Mohawk Industries, Inc.",125.27,2,SELL,49.26,128.44,120.4,117.5,4.12,0.0329,0.372,688400,827352,0.83,121.4,128.27,121.4,128.27
ETR,Entergy Corporation,107.11,2,SELL,74.28,101.25,96.32,90.08,2.04,0.019,0.2036,3008300,3005390,1.0,104.95,108.24,104.95,108.24
FTI,TechnipFMC plc,66.31,2,SELL,79.02,61.2,54.0,41.6,2.0,0.0302,0.403,4747200,4353985,1.09,63.36,68.41,63.36,68.41
LAD,"Lithia Motors, Inc.",279.58,2,SELL,28.08,309.34,324.38,320.04,10.8,0.0386,0.3699,338100,368109,0.92,269.75,293.65,269.75,293.65
GLW,Corning Incorporated,150.38,2,SELL,70.68,130.69,106.92,78.26,7.36,0.0489,0.4243,14544800,12810738,1.14,140.15,161.2,140.15,161.2
GM,General Motors Company,78.71,2,SELL,42.49,82.02,82.13,64.34,2.44,0.031,0.368,13348300,8132604,1.64,76.67,81.9,76.67,81.9
HUM,Humana Inc.,190.54,2,SELL,42.41,186.29,230.59,249.07,8.52,0.0447,0.4941,2346200,2548347,0.92,178.54,197.27,178.54,197.27
IBM,International Business Machines Corporation,240.21,2,SELL,35.04,268.48,286.74,277.0,11.21,0.0466,0.3379,6631100,7599166,0.87,222.22,256.69,223.4,256.69
ICE,"Intercontinental Exchange, Inc.",164.13,2,SELL,54.58,160.71,164.29,168.2,4.58,0.0279,0.2175,4346800,4985671,0.87,155.35,169.33,157.26,169.33
INTC,Intel Corporation,45.61,2,SELL,48.98,46.95,44.22,32.35,2.6,0.0571,0.6677,79231400,93273238,0.85,43.54,47.33,43.54,47.33
HLT,Hilton Worldwide Holdings Inc.,311.78,2,SELL,52.78,313.24,301.95,274.44,7.05,0.0226,0.264,2140100,2176766,0.98,304.02,319.5,304.02,319.5
IR,Ingersoll Rand Inc.,94.14,2,SELL,53.17,95.22,88.27,82.73,2.84,0.0301,0.3401,3201000,5440852,0.59,92.14,96.17,92.14,96.17
HD,"The Home Depot, Inc.",380.72,2,SELL,51.49,382.57,370.76,374.18,9.54,0.0251,0.2329,4815500,4136466,1.16,368.75,393.52,368.75,393.52
ISRG,"Intuitive Surgical, Inc.",503.51,2,SELL,47.75,493.59,531.42,514.49,12.47,0.0248,0.3559,1631100,2095604,0.78,489.35,514.78,489.35,514.78
IT,"Gartner, Inc.",157.2,2,SELL,36.35,160.73,208.98,278.73,9.21,0.0586,0.4899,2141600,2311971,0.93,146.47,165.02,146.47,165.02
GT,The Goodyear Tire & Rubber Company,8.25,2,SELL,35.22,9.29,9.17,9.14,0.37,0.0442,0.5203,6043400,8302819,0.73,7.97,8.73,7.97,8.73
JPM,JPMorgan Chase & Co.,300.3,2,SELL,43.32,308.73,313.03,297.37,8.17,0.0272,0.2607,18601400,10789852,1.72,290.79,310.41,290.79,310.41
KEY,KeyCorp,20.74,2,SELL,40.92,22.0,21.49,18.57,0.69,0.0331,0.3107,27545100,17300576,1.59,20.0,21.96,20.0,21.96
GPC,Genuine Parts Company,119.26,2,SELL,34.49,133.73,131.46,129.58,4.21,0.0353,0.2975,1468200,1653809,0.89,115.88,121.83,115.88,121.83
GOOG,Alphabet Inc.,311.43,2,SELL,44.6,318.05,320.53,250.14,8.84,0.0284,0.3068,33312100,25556042,1.3,302.74,319.79,302.74,319.79
KMI,"Kinder Morgan, Inc.",33.27,2,SELL,82.32,31.63,29.15,27.37,0.6,0.0182,0.2309,16321700,14035128,1.16,32.49,33.7,32.49,33.7
ENPH,"Enphase Energy, Inc.",42.27,2,SELL,47.17,45.6,39.33,37.29,3.21,0.0759,0.8294,6841600,9018876,0.76,38.66,48.36,38.66,48.36
AAPL,Apple Inc.,264.18,2,SELL,47.74,268.62,265.2,242.5,6.62,0.0251,0.3243,72239400,54690014,1.32,259.34,272.56,259.34,272.56
MS,Morgan Stanley,166.51,2,SELL,40.59,175.7,179.48,156.6,6.23,0.0374,0.3226,12385900,8213100,1.51,161.14,174.86,161.14,174.86
NTRS,Northern Trust Corporation,143.09,2,SELL,45.5,147.24,145.08,129.17,4.42,0.0309,0.3036,1845400,1199647,1.54,137.73,148.95,137.73,148.95
NFLX,"Netflix, Inc.",96.24,2,SELL,71.6,80.68,86.35,110.14,3.5,0.0364,0.363,200440200,53660671,3.74,81.92,103.66,90.98,103.25
EMN,Eastman Chemical Company,75.51,2,SELL,51.6,77.27,70.77,68.15,2.57,0.034,0.4196,1231100,1857557,0.66,73.0,78.56,73.0,78.56
MTD,Mettler-Toledo International Inc.,1366.69,2,SELL,42.7,1377.36,1410.46,1315.6,35.44,0.0259,0.3332,252900,152619,1.66,1335.15,1404.92,1335.15,1404.92
OKE,"ONEOK, Inc.",82.77,2,SELL,53.71,83.12,77.15,74.29,2.55,0.0308,0.3137,5880300,5293142,1.11,78.67,87.94,78.94,87.87
DVA,DaVita Inc.,156.3,2,SELL,73.76,143.21,123.87,130.43,5.19,0.0332,0.3693,1080900,1469238,0.74,148.9,160.81,148.9,160.81
NWSA,News Corporation,24.29,2,SELL,49.9,23.84,25.37,27.41,0.66,0.027,0.2635,4757300,4901985,0.97,23.27,24.88,23.31,24.88
NVDA,NVIDIA Corporation,177.19,2,SELL,40.35,185.98,185.62,174.95,6.42,0.0362,0.445,310523200,195027885,1.59,169.84,191.09,169.84,190.04
MTB,M&T Bank Corporation,216.98,2,SELL,42.63,228.7,217.57,195.83,5.81,0.0268,0.2647,1988700,1369761,1.45,209.64,228.92,209.64,228.59
ORCL,Oracle Corporation,145.4,2,SELL,38.3,152.07,174.04,219.83,8.23,0.0566,0.6171,36385200,30631457,1.19,138.23,152.92,138.23,152.92
MSI,"Motorola Solutions, Inc.",482.26,2,SELL,84.24,441.86,408.34,421.36,10.46,0.0217,0.2314,1461100,1240947,1.18,466.16,490.37,466.57,490.37
EL,The Estée Lauder Companies Inc.,109.47,2,SELL,48.46,109.61,110.34,92.25,4.59,0.0419,0.4885,5885200,4851128,1.21,105.43,115.35,105.43,115.35
MSFT,Microsoft Corporation,392.74,2,SELL,36.64,402.84,444.47,483.78,10.96,0.0279,0.2669,51276300,47028023,1.09,380.47,406.25,380.47,406.25
DUK,Duke Energy Corporation,130.85,2,SELL,74.74,124.74,119.98,118.85,2.15,0.0164,0.1642,4691400,4880709,0.96,127.56,132.85,127.62,132.85
NI,NiSource Inc.,47.3,2,SELL,72.01,45.32,43.46,41.54,0.84,0.0178,0.1978,4282000,4879123,0.88,46.2,47.87,46.2,47.87
MOS,The Mosaic Company,27.84,1,SELL,47.57,28.79,27.03,30.62,1.11,0.0399,0.3947,6436800,6393600,1.01,26.35,29.28,26.35,29.28
LDOS,"Leidos Holdings, Inc.",175.1,1,SELL,45.26,179.67,185.47,177.04,6.58,0.0376,0.2948,1549300,1211452,1.28,169.83,178.68,169.83,178.68
ANET,"Arista Networks, Inc.",133.5,1,SELL,48.35,136.17,133.74,127.1,6.45,0.0483,0.5323,9034000,9250071,0.98,127.33,136.73,127.33,136.73
V,Visa Inc.,320.14,1,SELL,47.39,321.75,333.23,341.85,7.48,0.0234,0.2417,12403000,8887438,1.4,308.64,326.08,308.92,326.08
VFC,V.F. Corporation,19.42,1,SELL,44.91,20.34,19.59,15.38,0.9,0.0462,0.7018,5878800,6989776,0.84,18.74,20.32,18.74,20.32
GOOGL,Alphabet Inc.,311.76,1,SELL,45.27,317.74,319.98,249.41,8.97,0.0288,0.3099,44568300,41894342,1.06,302.9,320.07,302.9,320.07
LEG,"Leggett & Platt, Incorporated",11.68,1,SELL,46.85,12.05,11.84,10.01,0.45,0.0384,0.5845,1841200,2049914,0.9,11.34,11.93,11.34,11.93
AMD,"Advanced Micro Devices, Inc.",200.21,1,SELL,42.01,210.73,218.67,186.58,10.91,0.0545,0.6423,31232400,42512338,0.73,190.67,213.23,190.67,213.23
J,Jacobs Solutions Inc.,137.86,1,SELL,49.83,138.86,137.4,140.27,5.21,0.0378,0.3073,1125700,1165728,0.97,132.73,141.51,132.73,141.51
NXPI,NXP Semiconductors N.V.,227.01,1,SELL,44.46,233.0,231.86,219.39,9.01,0.0397,0.4729,2951900,3267866,0.9,220.81,236.26,220.81,236.26
EA,Electronic Arts Inc.,200.57,1,SELL,46.11,200.62,202.66,181.43,1.29,0.0065,0.2526,2619200,3382380,0.77,199.61,201.76,199.61,201.76
AVGO,Broadcom Inc.,319.55,1,SELL,41.91,328.99,335.58,317.66,14.62,0.0458,0.5015,27934100,24771866,1.13,305.49,336.06,305.49,336.06
IVZ,Invesco Ltd.,26.26,1,SELL,47.14,26.47,27.09,21.93,1.04,0.0396,0.4078,5292600,6023528,0.88,25.03,27.38,25.03,27.38
HBAN,Huntington Bancshares Incorporated,16.8,1,SELL,40.15,17.9,17.81,16.64,0.56,0.0336,0.3195,39294100,42146738,0.93,16.16,17.79,16.16,17.79
IQV,IQVIA Holdings Inc.,178.81,1,SELL,42.4,181.66,212.81,193.29,8.89,0.0497,0.4284,5206400,3345985,1.56,165.9,185.48,165.9,185.48
IP,International Paper Company,43.55,1,SELL,46.19,45.24,42.41,44.21,1.76,0.0403,0.4105,6097200,8322414,0.73,41.87,45.19,41.87,45.19
INFO,Harbor PanAgora Dynamic Large Cap Core ETF,24.56,1,SELL,47.31,24.69,24.68,23.29,0.27,0.0111,0.1955,25400,46904,0.54,24.32,24.88,24.32,24.88
INCY,Incyte Corporation,101.27,1,SELL,48.47,101.88,102.29,87.37,3.36,0.0332,0.3515,2315000,1940690,1.19,98.0,103.85,98.0,103.85
XYL,Xylem Inc.,129.56,1,SELL,43.49,132.04,136.26,137.01,3.59,0.0277,0.2614,3362300,2183409,1.54,126.67,132.2,126.67,132.2
ORLY,"O'Reilly Automotive, Inc.",93.88,1,SELL,48.3,94.44,94.29,96.86,2.51,0.0268,0.2213,10004000,6803028,1.47,90.74,96.51,90.74,96.51
LEN,Lennar Corporation,114.36,1,SELL,48.01,115.82,112.75,117.85,4.11,0.036,0.3679,2408900,2505042,0.96,109.57,118.62,109.57,118.62
PAYX,"Paychex, Inc.",93.65,1,SELL,42.09,95.16,103.89,124.79,2.89,0.0309,0.2622,7012700,4640119,1.51,88.77,96.66,89.31,96.66
TSLA,"Tesla, Inc.",402.51,1,SELL,41.24,413.85,436.14,390.66,14.22,0.0353,0.6067,56760900,61317647,0.93,390.92,417.22,390.92,417.22
ROL,"Rollins, Inc.",60.89,1,SELL,48.52,61.72,61.32,58.1,1.49,0.0244,0.2402,3555100,3998504,0.89,59.24,62.02,59.24,62.02
BKNG,Booking Holdings Inc.,4239.35,1,SELL,41.6,4324.66,4909.81,5246.95,180.87,0.0427,0.3166,920400,619457,1.49,3905.83,4432.48,3968.04,4432.48
RL,Ralph Lauren Corporation,362.6,1,SELL,48.25,363.22,362.72,319.11,12.48,0.0344,0.389,807400,747461,1.08,352.14,378.91,352.14,378.91
TDG,TransDigm Group Incorporated,1302.79,1,SELL,44.03,1314.41,1346.76,1344.48,34.36,0.0264,0.28,545800,435404,1.25,1265.78,1337.25,1265.78,1337.25
RMD,ResMed Inc.,256.26,1,SELL,49.84,258.33,253.3,259.37,6.87,0.0268,0.261,1069100,1297552,0.82,250.33,262.05,250.33,262.05
LOW,"Lowe's Companies, Inc.",264.57,1,SELL,41.89,276.42,265.06,243.52,7.24,0.0274,0.2542,3252500,2962119,1.1,255.79,277.67,255.79,277.67
FITB,Fifth Third Bancorp,49.47,1,SELL,41.27,52.71,50.39,44.01,1.63,0.033,0.2969,16710000,16807790,0.99,47.48,52.68,47.48,52.68
MDT,Medtronic plc,97.66,1,SELL,44.75,99.85,98.9,93.05,2.11,0.0216,0.2052,8290000,9296452,0.89,96.05,99.13,96.05,99.13
TFC,Truist Financial Corporation,49.31,1,SELL,41.41,52.34,50.76,44.96,1.42,0.0289,0.2879,11532600,9670614,1.19,47.92,51.66,47.92,51.66
BBWI,"Bath & Body Works, Inc.",22.76,1,SELL,50.58,22.9,21.81,25.24,1.02,0.0446,0.5865,5314900,5077685,1.05,21.99,23.78,21.99,23.78
BLK,"BlackRock, Inc.",1063.23,1,SELL,43.89,1080.65,1092.12,1078.25,36.49,0.0343,0.2819,1191600,822004,1.45,1033.05,1100.82,1033.05,1100.82
MA,Mastercard Incorporated,517.21,1,SELL,44.07,529.5,546.02,560.74,13.2,0.0255,0.2424,5121100,4227295,1.21,497.23,529.95,497.4,529.95
NKE,"NIKE, Inc.",62.18,1,SELL,44.91,63.29,63.42,66.98,2.1,0.0338,0.4156,18006000,14936509,1.21,60.78,64.32,60.78,64.32
EXPD,"Expeditors International of Washington, Inc.",145.03,1,SELL,41.88,153.91,155.37,130.43,5.67,0.0391,0.3319,2158200,2063080,1.05,135.19,155.09,136.52,155.09
ESS,"Essex Property Trust, Inc.",255.11,1,SELL,49.43,255.21,255.12,261.77,5.53,0.0217,0.2481,900800,588523,1.53,251.0,261.58,251.0,261.58
NTAP,"NetApp, Inc.",99.03,1,SELL,44.57,100.78,103.48,108.27,3.44,0.0348,0.3847,5113700,2628485,1.95,95.61,102.84,95.61,102.84
SCHW,The Charles Schwab Corporation,95.2,1,SELL,44.13,98.07,99.89,94.33,2.84,0.0299,0.2602,13145600,13906423,0.95,91.78,98.11,91.78,98.11
DIS,The Walt Disney Company,106.04,0,SELL,46.87,106.32,110.13,112.66,2.85,0.0268,0.3185,13941400,14027580,0.99,103.59,107.86,103.59,107.86
EXPE,"Expedia Group, Inc.",215.69,0,SELL,42.57,223.18,260.17,219.86,12.74,0.0591,0.4962,3820900,3953252,0.97,194.57,227.59,196.58,227.59
CBRE,"CBRE Group, Inc.",147.66,0,SELL,41.87,154.94,161.43,152.74,6.51,0.0441,0.3313,3371200,3187314,1.06,143.69,151.26,143.69,151.26
BSX,Boston Scientific Corporation,76.85,0,SELL,40.1,77.78,87.82,98.27,2.3,0.0299,0.3046,21487600,20709628,1.04,74.57,78.0,74.57,78.0
HPQ,HP Inc.,18.99,0,SELL,45.72,19.02,20.53,24.46,0.81,0.0428,0.3926,23564200,22785966,1.03,17.97,19.61,17.97,19.61
DOX,Amdocs Limited,69.8,0,SELL,40.6,71.41,77.62,82.81,2.45,0.0351,0.2507,1938400,1880152,1.03,67.02,71.29,67.02,71.29
OGN,Organon & Co.,7.29,0,SELL,41.28,7.77,7.92,8.78,0.41,0.0569,0.6234,3740200,4983623,0.75,6.83,7.99,6.83,7.99
DXC,DXC Technology Company,12.59,0,SELL,40.82,13.53,14.36,14.24,0.76,0.06,0.4589,2779200,3209585,0.87,11.71,13.37,11.71,13.37
WYNN,"Wynn Resorts, Limited",108.19,0,SELL,42.44,112.07,116.07,113.18,4.49,0.0415,0.4035,1687900,1834852,0.92,104.23,113.15,104.23,113.15
PNR,Pentair plc,99.19,0,SELL,44.04,100.11,102.92,104.29,2.76,0.0278,0.3032,1931500,2195185,0.88,96.96,102.81,96.96,102.81
RHI,Robert Half Inc.,24.42,0,SELL,42.79,27.14,27.19,32.29,1.63,0.0668,0.4964,4823000,4514785,1.07,22.68,25.79,22.68,25.79
JKHY,"Jack Henry & Associates, Inc.",162.46,0,SELL,42.53,165.01,177.38,169.74,4.98,0.0307,0.255,1118300,1290842,0.87,157.14,165.4,157.14,165.4
CPB,The Campbell's Company,26.95,0,SELL,44.45,27.9,27.41,30.16,0.8,0.0296,0.2857,6469100,6691971,0.97,26.14,27.73,26.14,27.73
FTNT,"Fortinet, Inc.",79.03,0,SELL,46.96,81.21,80.14,87.7,3.13,0.0396,0.4273,7548200,7910604,0.95,75.65,81.08,75.65,81.08
GIS,"General Mills, Inc.",45.23,0,SELL,46.18,46.55,45.71,47.96,1.3,0.0287,0.2426,7836200,8113785,0.97,44.1,46.18,44.1,46.18
QCOM,QUALCOMM Incorporated,142.36,0,SELL,40.87,143.11,158.09,159.75,4.29,0.0301,0.3934,12434300,11757019,1.06,139.02,146.32,139.02,146.32
KMX,"CarMax, Inc.",43.17,0,SELL,47.36,44.27,43.6,51.54,2.12,0.0491,0.5321,2943200,3376719,0.87,41.69,44.4,41.69,44.4
UNM,Unum Group,71.73,0,SELL,41.15,73.37,76.16,76.03,2.05,0.0285,0.3043,2051300,1788461,1.15,69.97,74.02,69.97,74.02
NVR,"NVR, Inc.",7517.79,0,SELL,46.77,7706.52,7574.21,7610.99,217.03,0.0289,0.277,24000,26638,0.9,7285.49,7706.63,7285.49,7706.63
FMC,FMC Corporation,14.74,0,SELL,48.77,14.98,14.8,27.76,0.91,0.062,0.6744,3164100,5175161,0.61,13.72,15.44,13.72,15.44
URI,"United Rentals, Inc.",840.0,0,SELL,43.53,858.69,866.45,849.43,32.45,0.0386,0.3935,908700,832214,1.09,802.58,893.61,802.58,893.61
NWS,News Corporation,26.78,0,SELL,43.33,27.05,28.95,31.28,0.73,0.0273,0.2663,1825900,1765376,1.03,25.88,27.41,25.88,27.41
AMZN,"Amazon.com, Inc.",210.0,0,SELL,42.65,213.42,226.59,224.35,6.41,0.0305,0.3524,57230900,64614019,0.89,204.88,213.36,204.88,213.36
AMP,"Ameriprise Financial, Inc.",470.12,0,SELL,42.85,496.06,497.6,495.51,16.59,0.0353,0.3065,750500,842400,0.89,449.85,489.13,449.85,489.13
ALLE,Allegion plc,161.15,0,SELL,42.96,168.24,164.79,161.75,4.44,0.0275,0.2677,784100,981985,0.8,155.18,165.48,155.18,165.48
CMG,"Chipotle Mexican Grill, Inc.",37.22,0,SELL,46.05,37.98,38.44,42.11,1.3,0.0348,0.3946,20753900,19414414,1.07,36.13,38.32,36.13,38.32
TSCO,Tractor Supply Company,51.84,0,SELL,45.91,53.14,52.23,54.31,1.61,0.031,0.287,8176200,7273923,1.12,49.96,54.12,49.96,54.12
CPRT,"Copart, Inc.",38.09,0,SELL,48.96,38.25,39.17,44.71,1.22,0.032,0.2647,10373800,10847785,0.96,35.84,39.23,36.26,39.23
